﻿<?xml version="1.0" encoding="utf-8"?>
<manifest identifier="_6IRJqKACzuF_course_id" version="1.0" xmlns="http://www.imsproject.org/xsd/imscp_rootv1p1p2" xmlns:adlcp="http://www.adlnet.org/xsd/adlcp_rootv1p2" xmlns:xsi="http://www.w3.org/2001/XMLSchema-instance" xsi:schemaLocation="http://www.imsproject.org/xsd/imscp_rootv1p1p2 imscp_rootv1p1p2.xsd http://www.imsglobal.org/xsd/imsmd_rootv1p2p1 imsmd_rootv1p2p1.xsd http://www.adlnet.org/xsd/adlcp_rootv1p2 adlcp_rootv1p2.xsd">
  <metadata>
    <schema>ADL SCORM</schema>
    <schemaversion>1.2</schemaversion>
    <lom xmlns="http://www.imsglobal.org/xsd/imsmd_rootv1p2p1" xmlns:xsi="http://www.w3.org/2001/XMLSchema-instance" xsi:schemaLocation="http://www.imsglobal.org/xsd/imsmd_rootv1p2p1 imsmd_rootv1p2p1.xsd">
      <general>
        <title>
          <langstring xml:lang="x-none">An Educative Visualization of COVA (SCORM)</langstring>
        </title>
      </general>
      <lifecycle>
        <version>
          <langstring xml:lang="x-none">1</langstring>
        </version>
        <status>
          <source>
            <langstring xml:lang="x-none">LOMv1.0</langstring>
          </source>
          <value>
            <langstring xml:lang="x-none">Final</langstring>
          </value>
        </status>
      </lifecycle>
      <metametadata>
        <metadatascheme>ADL SCORM 1.2</metadatascheme>
      </metametadata>
      <educational>
        <typicallearningtime>
          <datetime>PT0H0M0S</datetime>
        </typicallearningtime>
      </educational>
      <rights>
        <cost>
          <source>
            <langstring xml:lang="x-none">LOMv1.0</langstring>
          </source>
          <value>
            <langstring xml:lang="x-none">yes</langstring>
          </value>
        </cost>
        <copyrightandotherrestrictions>
          <source>
            <langstring xml:lang="x-none">LOMv1.0</langstring>
          </source>
          <value>
            <langstring xml:lang="x-none">yes</langstring>
          </value>
        </copyrightandotherrestrictions>
      </rights>
    </lom>
  </metadata>
  <organizations default="An_Educative_Visualization_of_COVA_(SCORM)_ORG">
    <organization identifier="An_Educative_Visualization_of_COVA_(SCORM)_ORG">
      <title>An Educative Visualization of COVA (SCORM)</title>
      <item identifier="CovaVisualization_SCO" isvisible="true" identifierref="__6IRJqKACzuF_course_id_RES">
        <title>An Educative Visualization of COVA (SCORM)</title>
      </item>
    </organization>
  </organizations>
  <resources>
    <resource identifier="__6IRJqKACzuF_course_id_RES" type="webcontent" href="index_lms.html" adlcp:scormtype="sco">
      <file href="story_content/thumbnail.jpg" />
      <file href="story_content/6YsexFAldxU_80_B5_Q7_DX1440_DY1440.jpg" />
      <file href="mobile/6YsexFAldxU_80_B5_Q7_DX1440_DY1440_CX1024_CY765.jpg" />
      <file href="story_content/Shape6UKtDCUZNXS.swf" />
      <file href="story_content/6J4bnflrsTo_80_DX160_DY160.swf" />
      <file href="mobile/6J4bnflrsTo_80_DX160_DY160_CX125_CY125.png" />
      <file href="story_content/txt__default_6FxTkfcQEdU.swf" />
      <file href="story_content/txt__default_6TgFLYRKR6x.swf" />
      <file href="story_content/video_6YImcl63Yeb_22_96_200x112.mp4" />
      <file href="mobile/poster_5VO8lzh1FeX_video_6YImcl63Yeb_22_96_200x112.jpg" />
      <file href="mobile/poster_6mMhfyMNlxa_video_6YImcl63Yeb_22_96_200x112.jpg" />
      <file href="story_content/5v3mNovTp6w_80_DX192_DY192.swf" />
      <file href="mobile/5v3mNovTp6w_80_DX192_DY192_CX138_CY151.png" />
      <file href="story_content/6HyWUGMlvmf_80_DX192_DY192.swf" />
      <file href="mobile/6HyWUGMlvmf_80_DX192_DY192_CX138_CY151.png" />
      <file href="story_content/5tVDCN9vOSq_80_DX208_DY208.swf" />
      <file href="mobile/5tVDCN9vOSq_80_DX208_DY208_CX149_CY163.png" />
      <file href="story_content/6R9ODwxNnOk_80_DX208_DY208.swf" />
      <file href="mobile/6R9ODwxNnOk_80_DX208_DY208_CX149_CY163.png" />
      <file href="story_content/Shape63N1PJoWoXa.swf" />
      <file href="mobile/5v3mNovTp6w_80_DX192_DY192_CX103_CY113.png" />
      <file href="mobile/6HyWUGMlvmf_80_DX192_DY192_CX103_CY113.png" />
      <file href="mobile/5tVDCN9vOSq_80_DX208_DY208_CX103_CY113.png" />
      <file href="mobile/6R9ODwxNnOk_80_DX208_DY208_CX103_CY113.png" />
      <file href="story_content/5fcSyN8sVSN_80_DX160_DY160.swf" />
      <file href="mobile/5fcSyN8sVSN_80_DX160_DY160_CX114_CY125.png" />
      <file href="story_content/Shape6AXjJFK712I.swf" />
      <file href="story_content/6YNGZZ1LJJ6_80_DX882_DY882.swf" />
      <file href="mobile/6YNGZZ1LJJ6_80_DX882_DY882_CX694_CY226.png" />
      <file href="story_content/Shape5VBflXCxAyu.swf" />
      <file href="story_content/6RWune2s5uX_80_DX224_DY224.swf" />
      <file href="mobile/6RWune2s5uX_80_DX224_DY224_CX175_CY138.png" />
      <file href="story_content/Shape5otmn2uD25O.swf" />
      <file href="story_content/6IUq9LsRi9j_80_DX778_DY778.swf" />
      <file href="mobile/6IUq9LsRi9j_80_DX778_DY778_CX612_CY352.png" />
      <file href="story_content/5pf7YDnBJda_80_DX1568_DY1568.swf" />
      <file href="mobile/5pf7YDnBJda_80_DX1568_DY1568_CX1152_CY541.png" />
      <file href="story_content/Shape6RyRF85w3fo.swf" />
      <file href="story_content/6RtrxUZydtG_80_DX1196_DY1196.swf" />
      <file href="mobile/6RtrxUZydtG_80_DX1196_DY1196_CX816_CY524.png" />
      <file href="story_content/6171KiI3a5v_80_DX144_DY144.swf" />
      <file href="mobile/6171KiI3a5v_80_DX144_DY144_CX104_CY104.png" />
      <file href="story_content/66lLPYToNAf_80_DX144_DY144.swf" />
      <file href="mobile/66lLPYToNAf_80_DX144_DY144_CX104_CY104.png" />
      <file href="story_content/5WyfITiZXAO_80_DX144_DY144.swf" />
      <file href="mobile/5WyfITiZXAO_80_DX144_DY144_CX104_CY104.png" />
      <file href="story_content/Shape6J97s6FIKvy.swf" />
      <file href="story_content/6LZ4rXYKi0Q_80_DX144_DY144.jpg" />
      <file href="mobile/6LZ4rXYKi0Q_80_DX144_DY144_CX113_CY113.jpg" />
      <file href="story_content/63X6H9I4Q9R_80_DX544_DY544.swf" />
      <file href="mobile/63X6H9I4Q9R_80_DX544_DY544_CX427_CY201.png" />
      <file href="story_content/63X6H9I4Q9R_80_DX542_DY542.swf" />
      <file href="mobile/63X6H9I4Q9R_80_DX542_DY542_CX402_CY189.png" />
      <file href="story_content/6YWr2EaXNBN_80_DX304_DY304.jpg" />
      <file href="mobile/6YWr2EaXNBN_80_DX304_DY304_CX239_CY239.jpg" />
      <file href="story_content/6I8ueRdRAWR_80_DX290_DY290.swf" />
      <file href="mobile/6I8ueRdRAWR_80_DX290_DY290_CX227_CY188.png" />
      <file href="story_content/6qUErP41F5V_80_DX1122_DY1122.swf" />
      <file href="mobile/6qUErP41F5V_80_DX1122_DY1122_CX561_CY277.png" />
      <file href="story_content/Shape693SK0euGgF.swf" />
      <file href="meta.xml" />
      <file href="story_content/FontFactory.swf" />
      <file href="story_content/fonts.swf" />
      <file href="story_content/frame.xml" />
      <file href="story_content/user.js" />
      <file href="mobile/Shape6UKtDCUZNXS.png" />
      <file href="mobile/txt__default_6FxTkfcQEdU.png" />
      <file href="mobile/txt__default_6TgFLYRKR6x.png" />
      <file href="mobile/Shape63N1PJoWoXa.png" />
      <file href="mobile/Shape6AXjJFK712I.png" />
      <file href="mobile/Shape5VBflXCxAyu.png" />
      <file href="mobile/Shape5otmn2uD25O.png" />
      <file href="mobile/Shape6RyRF85w3fo.png" />
      <file href="mobile/Shape6J97s6FIKvy.png" />
      <file href="mobile/Shape693SK0euGgF.png" />
      <file href="story.swf" />
      <file href="story_content/frame.swf" />
      <file href="story_content/slides/6b7yq9wKW8F.swf" />
      <file href="story_content/slides/6JK5xP4TaQa.swf" />
      <file href="story_content/slides/6EtfDr9yioF.swf" />
      <file href="story_content/slides/5Z59J8BpwA7.swf" />
      <file href="story_content/slides/6X4x1Mxo5lV.swf" />
      <file href="story_content/slides/6CuftJyYpjJ.swf" />
      <file href="story_content/slides/6f7Lv5rQ28y.swf" />
      <file href="story_content/slides/5XgpXmGTRqM.swf" />
      <file href="story_content/slides/5ddQNPYXN1P.swf" />
      <file href="story_content/slides/5zgjctWRH1v.swf" />
      <file href="story_content/slides/5oiPrAqSj5E.swf" />
      <file href="story_content/slides/6GZl5Khk8Md.swf" />
      <file href="story_content/slides/5pAhmSqoKay.swf" />
      <file href="story_content/data.swf" />
      <file href="html5/data/css/output.min.css" />
      <file href="html5/data/js/5ddQNPYXN1P.js" />
      <file href="html5/data/js/5oiPrAqSj5E.js" />
      <file href="html5/data/js/5pAhmSqoKay.js" />
      <file href="html5/data/js/5XgpXmGTRqM.js" />
      <file href="html5/data/js/5Z59J8BpwA7.js" />
      <file href="html5/data/js/5zgjctWRH1v.js" />
      <file href="html5/data/js/6b7yq9wKW8F.js" />
      <file href="html5/data/js/6CuftJyYpjJ.js" />
      <file href="html5/data/js/6EtfDr9yioF.js" />
      <file href="html5/data/js/6f7Lv5rQ28y.js" />
      <file href="html5/data/js/6GZl5Khk8Md.js" />
      <file href="html5/data/js/6JK5xP4TaQa.js" />
      <file href="html5/data/js/6X4x1Mxo5lV.js" />
      <file href="html5/data/js/data.js" />
      <file href="html5/data/js/frame.js" />
      <file href="html5/data/js/paths.js" />
      <file href="html5/lib/scripts/ds-bootstrap.min.js" />
      <file href="html5/lib/scripts/ds-frame.desktop.min.js" />
      <file href="html5/lib/scripts/ds-frame.mobile.min.js" />
      <file href="html5/lib/scripts/ds-slides.min.js" />
      <file href="html5/lib/stylesheets/desktop.min.css" />
      <file href="html5/lib/stylesheets/mobile.min.css" />
      <file href="html5/lib/stylesheets/mobile-fonts/open-sans-bold.woff" />
      <file href="html5/lib/stylesheets/mobile-fonts/open-sans-light.woff" />
      <file href="html5/lib/stylesheets/mobile-fonts/open-sans-regular.woff" />
      <file href="analytics-frame.html" />
      <file href="story.html" />
      <file href="story_html5.html" />
      <file href="story_flash.html" />
      <file href="story_content/story.js" />
      <file href="story_content/blank.html" />
      <file href="index_lms.html" />
      <file href="index_lms_flash.html" />
      <file href="index_lms_html5.html" />
      <file href="lms/AICCComm.html" />
      <file href="lms/AICCFunctions.js" />
      <file href="lms/API.js" />
      <file href="lms/APIConstants.js" />
      <file href="lms/blank.html" />
      <file href="lms/browsersniff.js" />
      <file href="lms/Configuration.js" />
      <file href="lms/goodbye.html" />
      <file href="lms/lms.js" />
      <file href="lms/LMSAPI.js" />
      <file href="lms/NONEFunctions.js" />
      <file href="lms/SCORM2004Functions.js" />
      <file href="lms/SCORMFunctions.js" />
      <file href="lms/UtilityFunctions.js" />
    </resource>
  </resources>
</manifest>